arrayD1,arrayD2,arrayD3,arrayD4,arrayD5,arrayD6,arrayD7,arrayD8,arrayD9,arrayD10,arrayD11,arrayD12,arrayD13,arrayD14,arrayD15,arrayD16,arrayD17,arrayD18,arrayD19,arrayD20,arrayD21,arrayD22,arrayD23,arrayD24,arrayD25,arrayD26,arrayD27,arrayD28,arrayD29,arrayD30,arrayD31,arrayD32,arrayD33,arrayD34,arrayD35,arrayD36,arrayD37,arrayD38,arrayD39,arrayD40,arrayD41,arrayD42,arrayD43,arrayD44,arrayD45,arrayD46,arrayD47,arrayD48,arrayD49,arrayD50,arrayD51,arrayD52,arrayD53,arrayD54,arrayD55,Target
4,82.24,1047,874,7,830,35,701,89.37,640,483,485,-10,-7,618,169,207,115,115,60.1,68.2,72.6,77.2,53.2,78.6,78.0,79.3,77.8,78.3,79.8,49.4,52.8,40.8,41.8,50.7,31.4,431.3,405.7,404.8,399.1,393.3,436.0,427.6,408.3,393.6,427.5,434.2,443.1,14070,0,513.8,491.1,16.7,34,35,71.8
6,21.5,1054,1394,9,1327,42,1100,89.3,760,598,599,-35,-48,764,218,272,142,155,59.7,66.7,71.4,75.2,51.5,77.5,77.3,79.1,77.4,77.4,80.1,49.8,46.7,41.2,42.2,50.9,51.5,444.8,414.1,426.6,434.9,421.2,482.9,436.7,444.3,427.3,451.8,451.0,473.2,21330,0,520.5,499.5,18.3,32,33,71.6
1,84.21,952,406,6,382,40,300,90.41,566,383,385,-13,-11,558,172,204,116,115,66.6,67.8,69.0,71.2,66.2,75.4,75.0,76.4,75.7,75.9,77.5,69.1,43.2,63.5,63.8,62.3,102.6,361.6,372.0,343.3,347.2,322.3,390.0,400.9,343.4,354.7,364.4,382.1,383.2,10800,0,408.7,400.2,20.3,1,0,69.9
0,0.0,968,0,0,0,0,0,90.23,0,2,3,-1,0,18,36,34,15,92,44.4,60.5,59.0,70.5,67.1,66.0,65.8,66.2,65.3,66.1,63.5,58.9,44.6,47.5,53.8,50.7,19.9,62.6,58.9,61.3,65.6,62.8,63.8,68.8,68.7,61.5,59.0,60.6,61.9,0,0,109.3,96.8,22.2,1,1,58.9
12,78.56,979,3361,17,3207,102,2800,90.12,1000,650,652,-144,-143,831,366,372,254,348,73.1,75.8,76.4,78.7,77.9,85.1,84.4,85.7,85.1,85.1,85.3,79.1,61.6,66.2,76.4,68.2,158.4,473.8,469.6,460.3,461.5,458.0,493.1,483.5,469.7,466.4,477.5,491.1,493.2,-27946,0,509.8,500.6,23.2,42,43,76.4
0,80.06,1106,46,3,41,31,0,88.73,401,224,224,-2,-3,297,95,106,64,92,65.2,77.7,74.1,81.2,62.1,89.5,88.5,89.3,87.8,88.4,87.7,56.9,66.6,46.8,48.7,54.2,86.0,437.0,392.0,417.6,415.0,420.2,451.1,401.9,429.5,420.5,443.6,441.0,458.0,4650,0,423.3,409.0,23.7,35,36,73.6
12,71.73,1135,3345,17,3192,162,2800,88.44,1000,668,669,-144,-143,847,356,366,252,346,69.6,78.9,74.0,78.9,69.1,94.4,93.1,94.2,93.1,93.2,91.5,67.7,61.9,52.2,63.8,57.4,171.7,483.6,464.6,466.1,465.6,468.6,507.1,495.6,478.4,478.5,482.3,493.2,505.4,-27046,0,512.9,502.1,24.0,69,68,74.3
0,0.0,1151,49,3,43,36,0,88.26,400,267,267,2,5,355,84,97,49,90,59.3,62.8,69.5,71.0,57.2,68.2,67.9,68.6,67.5,68.3,70.5,55.5,53.4,49.1,48.7,53.2,4.8,150.1,130.3,136.9,140.9,114.2,202.1,152.1,118.2,131.2,160.8,168.9,181.6,3420,0,156.2,145.5,24.3,1,0,69.8
0,0.0,1139,52,3,46,39,0,88.38,400,275,275,2,5,362,52,97,28,90,59.0,61.2,68.6,70.5,56.5,66.2,66.0,66.5,65.5,66.2,68.4,56.2,38.7,50.0,49.7,52.6,-1.4,136.0,117.8,123.0,133.4,93.7,191.3,124.4,103.0,121.4,154.9,167.4,172.5,3450,0,153.4,143.4,18.7,1,0,68.6
9,83.12,1077,2187,12,2085,68,1800,89.05,880,656,660,-93,-85,837,286,344,198,252,63.3,71.4,74.0,77.9,58.0,84.7,83.9,85.4,84.0,84.2,84.6,58.3,59.6,47.8,52.1,52.3,101.5,449.2,409.2,434.4,430.6,428.4,463.1,437.6,442.0,429.7,451.3,450.7,470.9,31380,0,479.6,464.2,31.6,37,38,73.8
1,29.55,991,208,4,195,40,120,89.98,391,249,251,-2,-3,334,88,101,57,93,60.5,64.8,71.4,72.9,57.3,70.5,70.1,70.8,69.6,70.5,72.8,56.4,62.6,49.8,49.7,54.5,10.8,244.6,228.4,239.5,241.8,220.9,284.4,239.5,219.8,221.4,250.0,262.2,276.1,4320,0,266.9,257.4,32.2,1,1,72.4
12,76.13,1054,3272,16,3123,108,2801,89.3,1001,683,685,-144,-144,871,359,379,253,347,67.3,75.5,75.5,79.9,67.9,89.7,88.6,89.9,88.9,88.9,88.1,66.8,59.7,52.2,62.8,56.5,159.5,472.0,452.6,447.6,452.3,444.1,486.4,473.2,460.2,462.3,474.9,476.7,492.4,-27436,0,495.8,482.3,21.0,49,49,75.4
0,0.0,1151,0,0,0,0,0,88.26,0,3,4,0,0,18,29,28,10,90,43.6,58.3,58.9,69.3,65.8,65.4,65.1,65.5,64.6,65.4,64.0,54.5,43.4,40.8,47.9,44.0,12.0,64.2,57.2,62.8,63.8,61.9,65.0,68.0,68.5,60.2,55.1,61.5,61.1,0,0,121.6,110.0,19.2,1,0,58.6
3,81.99,1025,633,6,600,33,500,89.63,560,408,409,-5,-10,530,128,156,80,105,58.6,66.2,71.2,75.5,51.1,75.5,75.0,76.2,74.7,75.3,77.1,47.3,53.7,38.8,39.4,49.9,17.8,415.2,391.8,403.2,392.1,384.8,436.4,415.0,406.2,383.7,416.4,417.5,438.5,10800,0,481.5,468.6,26.3,32,33,72.1
25,80.7,1061,4,3,0,29,2799,89.25,400,260,260,4,7,344,83,96,50,91,59.3,66.7,68.8,73.1,55.5,73.0,72.5,73.4,72.1,73.0,74.6,49.1,61.7,40.4,41.2,51.5,22.7,192.6,178.9,178.5,185.5,173.5,232.8,179.7,169.9,171.8,195.2,212.8,223.6,3480,0,231.0,222.7,33.2,31,33,67.8
0,0.0,1049,0,0,0,0,0,89.37,0,2,4,-1,0,18,25,23,6,91,41.5,51.2,48.3,65.0,64.8,64.4,64.4,64.8,63.9,64.3,60.7,53.4,47.5,38.3,50.9,48.8,28.9,53.1,48.5,52.1,53.0,51.6,52.5,55.5,58.3,50.0,46.2,48.8,48.8,0,0,62.1,58.1,28.7,1,1,48.1
0,0.0,992,28,3,23,19,0,89.98,400,253,254,2,5,336,86,99,51,91,62.4,64.8,71.2,72.2,61.3,69.5,69.3,69.9,68.8,69.6,71.6,60.8,55.5,54.9,54.6,57.4,3.4,129.8,120.8,116.5,130.3,96.1,171.0,126.4,106.9,113.2,143.3,157.7,160.0,3270,0,148.4,143.4,22.0,1,0,71.4
0,83.59,1041,37,3,33,23,0,89.43,421,259,259,1,1,335,89,102,56,95,61.0,70.2,72.4,78.2,55.9,81.0,80.4,81.6,80.0,80.6,81.4,51.8,55.8,42.4,44.1,50.4,49.9,419.4,383.6,398.6,396.0,405.4,439.7,402.6,412.5,403.7,426.5,427.9,445.8,5640,0,442.7,427.4,28.3,31,31,70.5
0,0.0,1029,33,3,28,24,0,89.56,400,267,268,-3,-4,351,72,84,37,91,60.4,62.5,64.0,65.2,58.2,67.8,67.6,68.2,67.1,67.9,69.8,57.0,40.5,50.6,50.5,53.5,0.6,122.0,110.2,105.1,116.9,88.5,173.1,114.7,97.2,106.1,134.4,150.7,155.6,3270,0,138.3,129.7,21.9,1,0,64.3
0,0.0,1098,27,3,22,19,0,88.82,400,249,247,-1,0,325,88,101,54,91,64.4,66.2,67.1,68.3,63.7,71.0,70.7,71.3,70.3,71.1,72.9,63.8,57.8,58.0,57.8,59.9,-0.2,129.9,120.0,114.0,126.6,96.6,167.0,123.3,104.1,112.6,142.1,159.3,157.7,3300,0,148.8,138.7,22.6,1,1,67.6
0,0.0,1081,27,3,23,19,0,89.01,400,248,249,-2,-3,329,91,104,56,91,63.8,65.6,72.1,73.2,63.3,69.8,69.6,70.2,69.1,69.9,71.7,62.8,59.3,57.0,56.7,58.9,7.7,131.4,123.4,117.8,125.6,100.0,168.8,131.7,109.2,113.4,143.8,157.7,160.5,3270,0,141.7,137.6,25.5,1,1,72.1
0,71.57,1106,40,3,35,21,0,88.73,400,262,262,4,4,345,86,99,51,90,61.0,64.0,70.5,72.1,59.1,68.8,68.6,69.2,68.1,68.9,70.9,57.6,58.3,51.1,50.9,55.2,10.7,156.7,143.3,140.8,142.7,126.2,195.7,151.5,125.3,127.0,155.7,178.0,183.3,3450,0,171.2,165.6,29.3,1,1,70.3
12,72.53,1095,3231,16,3083,73,2801,88.86,1000,700,702,-143,-142,887,357,428,245,350,67.1,69.5,73.8,75.5,69.0,77.7,77.3,78.8,77.9,78.1,79.5,72.3,64.1,62.0,67.7,62.6,135.9,439.9,418.8,416.7,412.9,401.9,451.2,451.3,423.4,418.0,439.7,443.2,458.9,-27436,0,485.6,476.0,32.1,31,32,74.8
0,0.0,1029,0,0,0,0,0,89.57,0,2,4,-1,0,17,22,20,3,91,39.6,53.3,48.3,65.7,65.2,65.3,65.1,65.5,64.5,65.1,62.5,50.7,44.2,36.6,47.9,47.3,22.2,52.2,47.5,51.2,51.5,52.2,52.9,55.2,58.7,51.0,46.9,49.4,50.1,0,0,71.1,65.0,24.2,1,1,48.3
12,81.7,1074,3442,17,3285,153,2799,89.11,1000,661,664,-144,-139,842,359,375,255,349,69.7,78.6,74.8,79.5,69.2,93.9,92.6,93.7,92.7,92.8,91.3,68.2,57.3,53.2,64.3,58.0,164.7,480.2,461.1,458.9,461.8,458.4,497.9,484.8,476.6,474.5,481.7,490.7,504.4,-27196,0,512.7,499.0,29.8,61,60,74.7
2,73.78,1101,374,5,353,21,300,88.82,480,326,327,2,4,422,101,120,61,95,62.5,65.3,54.5,57.4,60.3,70.7,70.5,71.1,70.0,70.7,72.5,60.0,55.5,53.9,53.5,57.3,4.4,189.5,193.8,180.0,183.7,154.7,233.1,200.2,159.1,165.8,196.3,215.8,219.4,7050,0,259.4,248.4,20.0,1,0,54.1
0,0.0,1094,31,3,26,22,0,88.87,400,260,260,0,-1,343,88,101,52,90,61.0,65.2,69.3,72.9,59.8,69.8,69.6,70.2,69.2,69.9,71.6,54.1,49.4,45.5,46.7,54.8,1.9,130.2,113.4,110.3,125.2,96.5,180.4,124.1,104.7,107.5,139.8,157.4,161.5,3240,0,143.6,137.2,22.3,32,33,67.8
6,73.18,1202,1314,10,1250,52,1100,87.75,760,580,581,-34,-46,735,218,271,148,146,62.1,67.8,72.4,75.5,56.3,77.1,76.7,78.0,76.6,76.9,79.5,55.2,63.7,47.1,48.2,54.6,46.8,445.9,427.5,422.8,422.5,421.7,477.0,438.3,431.8,439.8,447.0,459.6,477.3,20880,0,543.8,506.7,20.0,31,33,73.8
0,15.99,1180,102,3,94,28,0,87.94,414,260,261,2,2,344,85,100,49,91,63.3,66.5,69.8,73.6,61.3,71.2,71.0,71.6,70.5,71.3,73.1,56.3,46.5,48.0,49.3,55.5,2.7,163.2,157.2,152.0,152.1,121.8,204.2,164.7,129.9,139.4,168.9,181.0,189.2,4800,0,196.4,187.4,24.5,33,33,67.6
12,69.23,1093,3244,16,3096,75,2799,88.84,1000,716,717,-144,-143,911,349,429,234,350,63.0,69.0,72.8,75.5,60.7,80.4,79.7,81.2,80.3,80.5,81.6,62.5,57.0,51.0,56.8,54.9,132.0,428.7,420.3,401.4,399.8,390.9,442.9,438.9,407.7,407.0,418.8,435.7,438.8,-27856,0,473.0,463.7,22.1,31,32,75.2
4,81.59,1111,874,7,830,37,700,88.69,640,478,478,-8,-3,613,164,201,109,115,60.0,68.5,71.9,76.9,52.5,79.5,78.8,80.3,78.6,79.1,81.1,48.9,55.9,39.9,41.1,49.8,27.5,457.6,431.6,437.2,427.1,430.6,468.0,450.9,442.3,442.6,444.0,461.7,469.9,14400,0,538.3,522.7,23.8,33,34,71.9
2,0.11,1053,90,4,82,31,2,89.31,463,305,307,3,6,361,96,112,59,91,62.4,66.2,69.9,73.6,61.8,70.7,70.5,71.0,70.0,70.8,72.3,57.0,54.4,48.7,49.9,56.8,-0.4,140.2,129.1,127.6,133.8,106.4,183.0,130.6,111.2,119.2,145.8,167.1,172.7,4230,0,164.5,153.2,23.0,32,33,68.8
0,0.0,1042,27,3,23,20,0,89.44,400,276,278,2,5,366,52,99,30,91,58.3,60.5,67.0,68.8,55.1,65.9,65.7,66.2,65.2,65.9,67.7,54.6,37.0,48.4,48.2,51.1,-0.8,124.3,104.0,110.2,121.2,85.5,178.4,117.0,96.1,107.8,138.2,154.0,157.1,3240,0,145.9,135.5,19.8,1,0,67.1
0,0.0,1123,32,3,27,23,0,88.55,400,245,244,2,4,323,94,107,60,90,64.7,66.4,72.4,73.9,64.7,70.6,70.3,70.9,69.8,70.7,72.9,64.0,64.0,58.2,58.0,60.0,6.0,136.2,131.3,121.5,136.8,100.8,176.2,125.6,110.5,117.0,147.0,167.4,170.8,3390,0,152.2,143.5,24.8,1,1,70.2
12,81.94,1134,3402,17,3247,121,2801,88.44,1000,672,675,-144,-144,852,361,384,247,350,68.8,77.1,75.6,80.3,69.0,91.9,90.7,92.0,90.9,91.0,89.3,68.3,58.0,53.8,64.4,58.1,175.7,474.9,454.1,455.8,455.3,446.1,499.0,482.2,468.8,467.7,479.8,483.3,498.5,-27286,0,510.1,504.4,31.8,53,54,74.0
1,7.09,1088,169,4,158,25,79,88.94,395,240,240,1,3,319,89,102,55,91,64.3,66.4,72.7,74.1,64.4,70.5,70.2,70.9,69.7,70.6,72.6,63.5,64.8,57.6,57.4,59.6,8.2,162.2,156.8,146.3,152.2,125.4,202.3,162.6,131.5,131.8,166.6,184.2,192.0,4110,0,174.0,167.6,29.7,95,94,69.8
0,0.0,1077,30,3,25,21,0,89.05,400,260,260,-2,-5,343,77,90,42,91,61.2,64.8,69.3,70.5,55.8,70.0,69.9,70.4,69.4,70.1,71.8,53.5,41.3,47.0,46.6,51.7,-2.4,129.5,107.8,108.9,119.0,90.9,175.7,116.1,99.3,105.8,137.3,151.8,156.4,3330,0,145.4,137.7,22.3,1,0,69.5
12,73.26,1177,3299,16,3148,118,2802,87.95,1001,682,683,-144,-143,864,352,362,248,346,67.8,77.3,75.2,80.0,65.5,91.2,90.1,91.3,90.0,90.2,89.1,64.6,59.5,50.0,60.1,55.4,134.4,464.3,435.5,445.4,439.7,439.7,472.8,463.8,457.1,450.8,461.4,462.8,481.6,-26596,0,510.9,497.9,30.1,51,51,75.7
6,76.81,1146,1308,10,1245,45,1101,88.31,760,580,582,-36,-20,735,211,259,143,147,61.4,69.7,73.1,77.5,55.3,80.8,80.3,81.7,80.2,80.4,82.2,53.4,56.5,44.4,46.1,50.8,53.0,467.8,446.1,449.9,446.7,455.8,483.1,449.8,457.5,460.6,463.3,481.4,499.3,21210,0,556.3,522.3,27.0,34,36,73.1
0,0.16,1226,27,3,23,19,0,87.44,400,264,264,2,4,350,81,94,46,89,60.2,63.1,69.9,71.2,59.1,68.1,67.9,68.5,67.4,68.2,70.4,58.0,46.3,52.0,51.6,54.9,-3.2,122.4,110.3,109.5,121.6,92.8,170.7,118.7,99.3,103.2,131.4,153.0,153.7,3150,0,138.8,130.2,16.1,1,0,70.2
8,86.14,1318,1838,11,1752,63,1500,86.49,840,625,623,-63,-59,790,261,315,180,205,64.0,71.4,74.5,78.3,58.8,83.8,83.1,84.6,83.3,83.5,84.3,58.9,59.8,49.0,52.4,53.7,97.7,440.5,413.3,430.0,423.6,415.2,456.2,439.3,436.9,424.0,439.1,444.6,463.2,28020,0,498.7,486.5,33.3,45,46,74.5
12,82.31,1198,3380,17,3225,106,2798,87.76,1000,688,690,-144,-143,873,358,372,251,348,67.5,74.5,75.5,79.6,68.5,88.3,87.2,88.7,87.6,87.7,87.1,68.0,62.2,53.9,64.2,57.7,163.1,478.1,459.2,461.3,461.0,454.8,493.2,478.6,472.6,468.5,481.0,489.2,498.2,-27346,0,508.4,496.6,32.7,46,47,75.5
1,13.47,1121,239,5,224,21,120,88.57,435,304,304,-2,-4,428,101,118,62,93,59.0,63.8,69.3,70.8,56.5,68.8,68.6,69.2,68.1,68.9,70.9,53.5,60.4,46.8,46.5,52.2,6.5,164.8,154.8,153.2,157.8,131.4,201.5,161.3,139.3,137.9,167.6,186.8,194.4,5580,0,184.3,178.5,26.0,1,1,69.8
0,56.29,1115,44,3,39,23,0,88.64,400,245,245,0,0,326,92,103,58,91,61.2,71.6,72.0,77.7,57.3,80.0,79.3,80.2,78.8,79.4,79.6,51.8,47.3,42.6,43.8,49.7,54.0,280.8,239.4,261.4,263.0,262.1,311.9,261.5,271.1,256.0,282.6,286.9,304.5,4050,0,292.8,288.7,22.2,34,35,72.1
0,11.4,1156,48,3,42,38,0,88.19,400,270,270,-1,0,361,84,97,52,91,57.1,64.8,67.6,72.7,51.5,71.3,70.9,71.7,70.4,71.1,73.6,45.9,55.8,37.1,38.0,48.5,4.7,301.4,266.3,291.5,287.4,283.7,327.6,278.3,285.9,265.1,299.4,310.6,326.8,3960,0,303.0,296.9,18.5,32,33,67.6
0,73.55,1163,40,3,35,23,0,88.13,401,257,257,0,4,340,86,98,54,91,58.9,69.6,69.7,74.8,54.6,78.1,77.4,78.3,76.9,77.7,78.9,47.8,53.9,38.5,39.7,47.4,24.5,252.9,225.1,234.5,238.9,235.9,293.6,234.7,239.5,230.0,249.6,265.5,291.5,4050,0,290.6,285.7,24.2,31,33,67.8
0,66.12,1074,73,3,67,55,0,89.09,401,249,249,1,2,334,84,95,52,92,60.0,70.5,70.5,75.5,56.5,78.8,78.1,78.9,77.6,78.3,79.0,50.2,58.9,41.2,42.1,48.4,33.3,222.8,203.8,206.5,208.6,196.8,253.4,210.5,206.9,198.8,218.7,232.9,253.1,4260,0,265.8,264.8,27.5,31,33,68.9
0,0.0,1064,0,0,0,0,0,89.2,0,2,4,0,0,18,18,16,0,91,34.8,54.1,47.9,64.3,63.3,65.4,65.3,65.7,64.7,65.3,61.0,54.2,33.2,35.9,47.9,46.4,15.3,48.8,44.2,48.8,48.7,48.5,49.5,53.9,55.8,47.1,43.8,47.0,46.7,0,0,79.3,70.3,15.8,1,0,47.6
1,70.59,1058,178,4,167,24,120,89.28,400,332,333,0,0,443,44,84,20,92,49.3,54.5,49.2,54.9,38.5,61.8,61.4,62.1,61.0,61.8,63.8,33.3,37.3,24.8,25.1,33.1,0.3,241.2,219.2,234.7,232.9,202.4,285.0,242.5,210.7,213.0,247.4,257.3,273.5,4500,0,246.4,247.4,12.9,1,0,47.6
0,0.0,1072,30,3,25,22,0,89.12,400,311,312,0,-2,410,59,106,35,91,53.4,55.7,63.3,65.2,49.8,61.6,61.4,62.0,61.0,61.6,64.0,49.9,31.2,43.5,43.2,46.3,-8.7,127.3,98.2,113.7,126.4,88.6,178.0,118.6,94.4,111.9,139.7,154.3,159.7,3090,0,141.1,132.4,12.9,1,0,63.3
0,14.36,970,27,3,22,20,0,90.2,400,255,255,2,4,338,99,112,63,92,62.4,64.3,69.8,71.4,61.2,69.1,68.8,69.4,68.4,69.1,70.7,61.4,43.0,55.7,55.3,57.7,-9.8,161.9,137.8,139.3,157.9,119.2,204.1,155.4,130.6,137.9,169.6,183.9,191.8,3360,0,170.2,156.7,13.0,1,0,69.5
0,0.0,939,39,3,34,30,0,90.55,400,251,251,-2,-3,332,97,110,61,92,63.1,65.2,71.1,72.4,61.9,70.2,70.0,70.6,69.7,70.3,71.7,61.5,39.9,55.7,55.2,58.3,-11.7,137.0,112.2,110.9,137.4,92.2,187.9,139.5,104.2,114.8,148.6,164.1,171.3,3390,0,150.3,140.8,9.6,1,0,71.0
0,61.3,962,30,3,25,22,0,90.3,400,266,266,-1,1,349,43,87,20,92,61.1,63.1,56.4,59.8,57.8,68.6,68.3,68.9,68.0,68.6,70.2,57.9,41.9,51.9,51.6,54.3,-0.3,124.6,104.6,105.0,123.6,84.9,172.0,122.1,94.0,106.3,136.0,152.1,156.8,3270,0,139.4,131.2,14.4,1,0,56.5
0,0.0,1054,27,3,22,19,0,89.3,400,237,237,-3,-5,311,99,111,64,91,66.7,68.8,72.1,73.6,65.9,73.4,73.2,73.9,72.7,73.4,75.5,66.0,58.1,60.3,60.0,62.1,2.7,149.6,135.1,135.2,145.3,110.2,188.1,143.5,126.1,122.2,156.8,173.4,176.4,3390,0,155.1,149.3,19.6,1,0,72.4
0,0.0,1027,28,3,23,19,0,89.59,400,277,277,-1,-2,365,85,99,50,91,58.1,61.4,68.6,70.5,57.0,66.8,66.5,67.1,66.1,66.8,69.1,54.2,42.1,47.3,47.4,52.2,-7.7,124.3,103.2,103.8,120.7,83.2,169.6,120.3,96.6,102.3,135.5,149.0,156.1,3120,0,141.6,133.7,11.7,1,0,68.8
0,0.0,939,28,3,23,19,0,90.55,400,269,270,-2,-5,354,83,97,49,92,59.6,62.1,71.2,72.6,58.7,66.8,66.5,67.1,66.1,66.9,69.6,58.0,46.4,51.9,51.6,54.5,-11.7,132.8,117.2,111.8,131.1,102.7,181.8,127.2,105.9,110.1,141.4,157.8,167.2,3360,0,162.4,152.4,11.9,1,0,71.4
10,80.44,950,2523,13,2406,67,2100,90.42,920,679,680,-140,-126,861,306,363,208,298,64.3,73.0,74.0,77.9,59.5,87.7,86.9,88.2,87.1,87.1,86.5,60.0,41.4,48.1,54.4,52.5,118.8,426.7,389.0,402.1,407.3,396.4,435.8,420.0,421.3,421.5,430.7,427.9,437.9,-31756,0,440.8,438.8,9.9,38,39,74.7
0,0.0,1008,43,3,38,32,0,89.8,400,263,264,1,4,349,86,99,50,91,61.0,63.1,66.7,67.8,58.8,68.2,68.0,68.6,67.6,68.3,70.2,59.4,37.2,53.5,53.1,55.8,-4.2,143.2,124.0,117.1,138.3,95.5,195.5,126.4,105.0,118.6,149.9,166.9,176.3,3330,0,157.5,142.3,16.2,1,0,66.9
12,83.25,981,3338,16,3185,82,2800,90.08,1000,700,701,-144,-144,889,346,342,238,350,65.7,74.2,74.5,78.8,64.9,89.8,88.7,90.0,89.1,89.0,87.7,63.6,51.1,49.1,59.0,53.9,152.3,463.5,438.8,443.2,441.6,432.9,478.3,468.7,452.4,453.0,456.6,463.2,471.5,-28516,0,490.6,486.6,25.7,47,48,74.0
0,0.0,991,0,0,0,0,0,89.99,0,2,4,0,0,18,19,17,0,92,38.8,56.4,53.1,67.9,66.1,67.9,67.7,68.2,67.1,67.9,64.4,50.8,39.0,34.9,45.8,40.8,15.8,57.4,51.0,56.4,57.3,55.8,57.7,62.1,64.4,55.9,52.2,53.7,56.3,0,0,103.3,94.3,18.2,1,0,52.6
0,75.36,1071,30,3,25,22,0,89.12,400,336,337,4,6,443,69,81,34,90,50.5,52.6,44.8,46.9,46.3,59.3,59.1,59.8,58.7,59.3,61.7,47.2,35.1,40.5,40.3,42.9,4.8,120.1,105.7,104.2,118.8,84.3,173.9,114.0,90.4,99.1,125.9,145.1,162.0,3000,0,138.0,130.2,16.0,1,0,44.4
12,62.39,1058,3237,16,3089,84,2799,89.26,1000,700,702,-144,-143,890,357,384,244,348,65.0,73.8,74.1,78.2,63.4,90.1,88.9,90.3,89.2,89.1,87.7,62.0,37.2,48.0,57.1,52.7,133.7,442.3,417.4,421.9,425.4,415.9,462.2,446.6,437.0,432.1,434.3,444.6,458.2,-28636,0,472.0,466.4,11.6,39,40,74.0
8,76.67,986,1768,11,1685,47,1501,90.04,840,663,665,-80,-86,836,255,320,170,205,60.4,66.9,72.4,75.8,53.6,78.2,77.7,79.4,78.1,78.2,79.7,52.7,37.7,43.7,45.6,52.0,59.9,424.8,384.9,392.7,381.5,385.7,428.3,400.6,402.3,406.7,435.8,423.8,440.4,26640,0,480.7,454.5,11.2,32,32,73.1
5,39.86,980,1082,9,1029,40,901,90.12,720,552,554,-29,-32,707,195,243,125,132,60.5,67.3,72.4,76.5,52.7,79.1,78.8,80.4,79.0,79.1,80.5,51.0,41.3,42.4,43.5,52.3,65.1,428.1,381.9,387.0,388.2,387.4,437.1,401.8,410.1,408.8,431.6,418.6,440.6,17190,0,478.2,456.1,11.9,34,35,71.0
0,0.0,956,0,0,0,0,0,90.37,0,2,5,-1,0,19,28,26,8,92,43.2,58.3,59.3,68.8,64.7,64.6,64.4,64.7,63.8,64.6,62.5,56.3,37.5,44.7,49.7,47.3,5.2,62.0,56.6,59.1,60.5,56.2,64.0,69.7,66.4,60.5,57.7,61.4,64.0,0,0,108.8,105.4,14.8,1,0,59.1
0,66.14,933,33,3,28,24,0,90.61,400,269,269,3,5,354,56,99,31,92,60.0,62.8,62.4,65.0,56.3,68.3,68.0,68.6,67.6,68.2,70.1,54.9,41.7,48.3,48.3,51.9,-0.1,121.5,114.4,105.5,109.3,88.5,178.0,121.8,97.1,106.7,128.8,155.6,162.7,3300,0,141.5,130.7,18.0,1,0,63.3
12,69.88,1058,3306,16,3155,134,2800,89.24,1000,664,665,-144,-141,846,356,367,248,348,69.5,78.1,75.7,80.3,69.3,93.2,91.9,93.1,92.1,92.2,90.7,68.3,59.4,53.1,64.3,58.0,162.7,483.5,452.7,461.0,464.7,447.4,488.4,490.5,471.5,472.5,470.7,483.6,492.2,-27436,0,493.7,485.8,18.9,56,55,75.5
0,79.96,978,44,3,38,25,0,90.13,400,257,257,1,4,341,79,92,47,93,59.6,66.9,70.5,74.5,55.1,73.7,73.2,74.0,72.8,73.6,75.7,50.0,53.8,41.6,42.2,52.1,16.5,202.0,184.6,176.5,183.8,181.4,237.6,198.3,173.6,170.1,197.6,218.4,226.6,3870,0,252.7,243.2,20.7,32,33,69.3
0,0.0,1103,0,0,0,0,0,88.77,0,3,5,-1,0,25,41,39,20,91,62.4,62.8,71.2,72.5,64.1,66.2,65.9,66.4,65.3,66.2,68.1,61.3,45.3,53.9,53.7,56.4,-2.8,111.8,115.2,102.6,98.3,102.9,127.4,117.9,91.7,89.1,97.2,118.8,120.6,0,0,144.6,127.7,19.7,1,1,71.0
0,0.0,1108,0,0,0,0,0,88.72,0,3,4,0,0,17,16,14,0,90,33.1,47.9,42.2,61.4,60.3,63.0,62.9,63.3,62.3,62.7,58.3,47.4,32.6,30.0,43.0,37.9,15.8,44.5,38.9,43.5,43.5,43.3,44.2,49.1,51.9,43.7,38.2,40.5,43.4,0,0,52.6,45.8,16.3,1,1,42.0
12,48.12,1140,3357,16,3203,151,2799,88.37,1000,674,677,-144,-142,854,361,384,249,351,69.3,77.9,75.5,80.2,68.4,93.5,92.2,93.4,92.5,92.4,90.6,67.5,49.3,52.6,63.4,57.5,165.3,476.0,465.5,451.2,460.1,449.3,493.6,479.8,466.9,469.5,467.1,484.5,498.2,-27436,0,498.2,498.4,28.3,52,53,75.5
5,81.24,1043,1137,9,1081,70,900,89.42,718,490,492,-31,-38,630,203,241,138,140,66.9,76.2,74.8,80.1,63.6,90.2,89.0,90.1,89.0,89.2,88.2,60.1,55.5,49.8,53.1,55.6,116.3,458.9,425.9,441.6,435.8,428.5,465.7,448.4,446.7,440.7,446.7,453.5,469.5,18570,0,493.0,489.2,28.3,40,41,72.9
2,2.04,933,136,5,125,37,45,90.61,480,348,349,2,5,446,95,115,56,94,58.6,62.4,70.5,72.1,56.3,68.7,68.3,69.2,67.9,68.7,71.5,54.7,48.6,48.2,47.9,52.4,-4.4,196.2,187.2,188.2,175.2,166.7,237.7,201.4,163.5,164.9,209.2,221.2,228.7,5160,0,240.1,230.1,22.1,1,0,71.3
0,0.0,917,30,3,26,22,0,90.79,400,262,263,-3,-5,346,56,99,31,93,61.2,63.3,70.5,72.6,58.1,68.2,68.1,68.5,67.6,68.2,69.7,57.9,35.7,52.0,51.6,54.4,-7.6,128.7,109.6,107.5,113.1,87.1,183.3,125.8,99.1,101.7,129.7,158.8,164.6,3330,0,148.4,135.8,15.3,1,0,70.5
0,0.0,984,30,3,26,22,0,90.05,400,256,256,-3,-4,339,89,102,55,92,62.0,64.1,71.2,72.6,61.8,68.7,68.4,69.0,67.9,68.7,71.0,60.7,59.8,54.8,54.5,57.0,3.3,136.8,131.4,115.5,125.9,101.9,176.3,125.9,103.3,107.1,134.4,158.6,167.4,3330,0,149.2,143.2,22.5,1,0,71.4
0,0.0,996,32,3,27,23,0,89.93,400,266,266,-3,-1,350,86,99,50,92,60.4,62.9,70.5,71.8,59.4,67.9,67.6,68.2,67.2,67.9,70.2,58.8,57.4,52.7,52.4,55.2,7.4,138.4,131.1,114.9,123.3,99.2,177.2,132.6,100.3,104.7,133.3,158.6,164.8,3240,0,145.0,141.1,24.1,1,1,71.0
0,83.61,997,43,3,37,26,0,89.91,400,262,263,-1,3,346,79,92,48,92,59.1,66.0,68.6,71.1,55.8,72.4,71.9,72.7,71.5,72.3,74.3,50.1,60.4,42.4,42.7,51.4,17.7,166.6,156.6,133.8,147.1,131.5,193.7,157.8,130.1,128.3,157.2,175.0,191.5,3780,0,217.2,213.2,32.4,1,0,68.8
12,64.44,934,3315,16,3163,147,2799,90.61,1001,672,676,-144,-142,853,354,361,241,348,68.8,77.7,75.4,80.1,68.6,92.4,91.1,92.5,91.3,91.5,89.9,67.5,62.5,52.8,63.3,57.6,162.2,481.4,445.9,458.6,460.1,439.7,489.3,480.4,461.9,465.1,472.4,478.5,493.8,-28096,0,500.4,499.0,30.1,51,53,75.5
0,0.0,935,0,0,0,0,0,90.61,0,2,5,-1,0,21,38,36,18,92,65.2,63.1,69.7,73.6,66.8,65.6,65.4,65.7,64.8,65.7,66.4,62.1,58.4,54.1,56.2,55.5,13.6,90.7,90.2,85.9,88.2,83.4,93.1,96.9,85.5,78.5,80.5,90.5,92.1,0,0,154.4,143.2,26.3,1,1,69.5
0,50.89,1018,42,3,37,22,0,89.71,400,257,257,-1,-2,339,66,79,33,91,62.6,64.5,55.7,57.4,58.8,69.9,69.7,70.3,69.2,69.9,71.5,59.6,54.8,53.6,53.3,55.9,11.8,142.4,131.7,115.8,128.9,107.1,178.5,138.2,103.9,107.7,138.2,158.7,166.6,3390,0,144.9,143.7,23.0,1,1,56.7
0,72.51,988,41,3,36,22,0,90.04,401,281,281,2,5,371,65,78,32,92,58.3,61.2,45.5,48.1,52.8,67.5,67.1,67.8,66.7,67.4,69.4,52.1,47.0,45.4,45.2,49.6,5.6,195.2,191.8,184.6,192.5,159.7,245.0,204.8,175.7,172.9,206.9,224.0,235.8,3600,0,209.6,204.3,13.9,1,0,45.0
0,0.0,1078,34,3,30,25,0,89.05,401,368,369,1,3,488,68,82,34,90,46.7,49.0,49.5,50.6,43.5,56.8,56.7,57.1,56.3,56.5,56.9,42.2,30.3,35.2,35.1,37.8,12.0,132.5,110.9,103.4,122.5,91.9,189.9,135.6,102.7,106.5,134.1,151.8,173.7,2970,0,139.9,130.5,20.7,1,0,50.2
2,79.93,1003,411,6,387,50,300,89.86,554,369,371,-3,2,478,143,168,94,106,65.6,68.6,72.4,74.6,62.3,76.5,76.2,77.4,76.4,76.7,78.6,64.4,59.2,58.5,58.4,60.3,81.4,410.8,392.7,380.5,377.9,361.4,422.3,409.5,377.8,384.3,401.5,412.7,425.6,10560,0,442.5,429.4,34.0,39,39,71.4
12,76.81,1062,3367,16,3213,164,2800,89.22,1001,659,660,-144,-144,836,355,357,250,347,70.5,78.6,76.2,81.0,70.8,92.6,91.4,92.7,91.6,91.8,90.7,69.9,67.2,54.9,66.1,59.6,165.5,494.6,473.0,477.4,475.5,459.6,501.5,493.9,479.7,478.8,481.2,496.4,509.4,-27616,0,513.8,509.5,36.8,60,61,75.6
0,14.75,997,30,3,25,24,0,89.92,404,268,270,1,4,356,77,91,43,92,59.5,64.5,69.3,71.2,57.3,69.5,69.3,69.8,68.7,69.6,71.2,53.6,60.7,46.8,46.5,52.8,12.3,198.5,186.6,172.6,176.9,159.7,230.7,192.5,157.2,161.2,186.2,206.5,218.1,3660,0,202.1,196.9,28.3,1,1,70.2
0,27.19,991,200,4,188,29,0,89.98,404,262,263,-1,-2,381,85,100,49,97,59.3,65.2,69.8,74.1,56.3,70.9,70.5,71.4,70.1,70.9,73.1,50.6,54.4,42.2,43.0,51.7,2.3,367.1,352.8,347.8,342.8,344.8,391.5,352.6,336.7,333.2,369.2,371.2,384.8,6180,0,391.5,379.1,28.2,31,33,67.6
0,0.0,983,30,3,25,22,0,90.05,400,249,251,2,4,330,77,90,42,92,63.4,65.6,71.9,73.1,60.9,70.1,69.8,70.4,69.3,70.1,71.8,60.6,49.7,54.8,54.4,57.1,0.9,133.3,122.7,108.7,121.3,91.7,177.9,124.0,101.4,102.7,129.1,156.9,161.0,3300,0,142.8,138.5,19.8,1,0,72.0
